Sample_ID	DNA_concentration	k__Bacteria	k__Archaea	k__Eukaryota	unclassified	bac_frac	Sample_type	log_copies_per_extraction	Plate	alpha
P01A01	24.16	78.47143068244236	0	0	21.52857	0.9541785385186724	next_day	9.31706715275901	P01	2.7330353712079085
P01B01	42.51	74.3143926632156	0	0	25.68561	0.9455547738827962	next_day	9.68451744081932	P01	1.886554660705131
P01C01	10.44	85.96385960648198	1.4235674021995242	0	12.61257	0.8889180439114869	next_day	8.357928121203944	P01	3.6294935194931353
P01D01	15.73	86.20424248544866	2.2600957599266733	0	11.53566	0.9140667686770184	next_day	8.857805138713033	P01	3.5364656184364733
P01E01	43.72	86.8827191321075	1.632711373389138	0	11.48457	0.913772994272954	next_day	9.209602133645372	P01	3.5948256949334194
P01F01	27.57	92.47901535731778	0	0	7.52098	0.91263912201576	same_day	9.305661681899062	P01	1.2639667973298647
P01G01	1.79	79.61262575671297	0.0381049095507405	0	20.34927	0.8678181548270074	same_day	7.76912765391479	P01	1.433235007984302
P01H01	2.85	87.08407597278871	0	0	12.91592	0.9382320453443384	same_day	7.272023520698169	P01	2.742343329282376
P01A02	12.69	88.42569880424273	0.4417422761222784	0	11.13256	0.948667207511392	same_day	8.718208153130567	P01	3.4181321800131204
P01B02	19.85	85.64985489251544	2.296210197248165	0	12.05393	0.9183135170243792	same_day	8.840362124699796	P01	3.587577021226253
P01C02	73.99	95.68546827277352	0.0779130870743722	0	4.23662	0.9618940090320452	same_day	9.872047069891735	P01	2.92414280572576
P01D02	18.02	92.90659732496518	0.0274434222326475	0	7.06596	0.9311902106946046	same_day	8.762557729241756	P01	2.3127122445872303
P01E02	144.77	94.52473612301452	0.0415808095552509	0	5.43368	0.9667569690673634	same_day	9.891189812057751	P01	3.4890170134179983
P01F02	175.97	91.31819398474704	0	0	8.68181	0.9608068994192532	next_day	10.188471870980967	P01	2.8985352405021225
P01G02	91.35	92.19421402505488	0	0	7.80579	0.9291243722985748	next_day	9.861409312894857	P01	3.101469492039482
P01H02	77.37	92.33455305036628	0	0	7.66545	0.8446907289899248	next_day	9.771219858895298	P01	3.20533485292413
P01A03	74.74	80.48276434221624	0	0	19.51724	0.9259614992916096	next_day	9.808713087535397	P01	3.166771769365527
P01B03	113.47	89.22540293483651	0	0	10.7746	0.9236584447224788	next_day	9.898690829769537	P01	2.3759270852702774
P01C03	11.82	92.31887775895476	0	0	7.68112	0.9072921628071948	next_day	8.576461962743313	P01	3.5073170541355188
P01D03	108.94	89.87657339405474	0	0	10.12343	0.9612871368622646	next_day	9.897053970850529	P01	3.3887230130040273
P01E03	26.76	73.71118264273801	0	0	26.28882	0.9497252753063395	next_day	9.46586486491915	P01	2.693126799330854
P01F03	205.44	93.56605508739226	0	0	6.43394	0.9444005897981832	next_day	10.181891474798178	P01	3.237809057836478
P01G03	2.93	100	0	0	0	0.9431135291363276	next_day	7.62851911937808	P01	0.5693419905884416
P01H03	7.33	90.81269904635649	1.362192528984e-4	0	9.18716	0.9419095595927722	next_day	8.49163659288344	P01	2.502294870937538
P01A04	152.39	91.0707321872156	0	0	8.92927	0.9430730864556368	next_day	9.797431071060917	P01	3.449869237165322
P01B04	121.81	89.65092304691024	0	0	10.34908	0.9695522869306136	next_day	9.781999091949483	P01	2.943441096068645
P01C04	18.33	92.01942629923288	0	0	7.98057	0.9778961017191484	next_day	9.06499340259732	P01	0.5883538819746933
P01D04	45.69	95.47830880757736	0	0	4.52169	0.9529396197402746	next_day	9.337331959881205	P01	3.259901016282145
P01E04	51.06	93.8673421264974	0	0	6.1326599999999996	0.9122361360832694	next_day	9.510709607838216	P01	2.8467708237846168
P01F04	5.23	100	0	0	0	0.9496718871176296	next_day	8.384172760704772	P01	2.784546850939368
P01G04	156.27	95.13974935754808	0	0	4.86025	0.9577681752228352	next_day	10.02518989528843	P01	3.4000744618546963
P01H04	146.68	90.24027345318824	0	0	9.75973	0.8791378180585668	next_day	9.876434760833568	P01	3.452293979224734
P01A05	128.19	92.59315786461774	0	0	7.40684	0.9150332461031236	next_day	9.687008933784464	P01	3.5517144937130496
P01B05	174.79	96.0847540900852	0	0	3.91525	0.9595391827876332	next_day	9.931516871932118	P01	3.3104773067194673
P01C05	19.73	96.4235561588135	0	0.0125849164103167	3.56386	0.9716010932202336	next_day	8.941187604803966	P01	0.6857653493275173
P01D05	193.42	94.93470552093956	0	0	5.06529	0.9653405503326916	next_day	10.134375343463	P01	3.167207127797582
P01E05	70	92.43877277145482	0	0	7.56123	0.9324729832306856	next_day	9.759249101709027	P01	1.073268567821113
P01F05	8.93	100	0	0	0	0.9749909817343002	next_day	8.69910298983958	P01	1.524928177779754e-4
P01G05	38.07	85.3491085228135	0.4176842809543494	0	14.23321	0.938436369500998	next_day	9.08214619835238	P01	3.739564307273224
P01H05	36.07	88.70884216764108	0.4680090327849559	0	10.82315	0.8894893143672749	next_day	9.388161824275574	P01	3.142565445512477
P01A06	42.52	94.0558382779096	1.7944711530425128	0	4.14969	0.9133592750460816	next_day	9.460323461082092	P01	3.1680595334677473
P01B06	9.48	100	0	0	0	0.9439777611590588	next_day	8.69827652007682	P01	0.00689718843248529
P01C06	139.58	84.20183929040898	0.8587289668410679	0	14.93943	0.9580792369713552	next_day	9.763116175397942	P01	3.813374641481922
P01D06	16.84	97.29680842079884	0	0.1705776724017103	2.53261	0.9131610568244428	next_day	8.753516435500856	P01	0.9923125054346996
P01E06	1.52	91.78116510643795	0	2.3652497962415064	5.85359	0.8375305962733413	next_day	6.522878745280337	P01	2.814194451131144
P01F06	122.07	97.5335232532136	0	0.0068180698584827	2.45966	0.9137924168879764	next_day	9.760067254273288	P01	2.2712979758779057
P01G06	131.26	86.91179265242752	0.0194986886478031	0	13.06871	0.9401739108691168	next_day	9.967741734651222	P01	3.3578954828895946
P01H06	142.12	94.01599301204448	0	0	5.98401	0.9488912946689926	next_day	10.307393691340977	P01	3.6212416110488106
P01A07	117.57	94.55497435042764	0	0	5.44503	0.9429208897897782	next_day	9.813262487257935	P01	3.1161290781763222
P01B07	10.98	100	0	0	0	0.9705296099156924	next_day	8.820292959227489	P01	3.2362812033286586e-4
P01C07	2.4	89.87298883595571	0	0	10.12701	0.9705823776852084	next_day	7.657747511005874	P01	0.5181866774291932
P01D07	101.33	87.6682493055917	0.298100365766298	0	12.03365	0.945319896224728	next_day	9.786121759964672	P01	3.448345169861805
P01E07	14.38	100	0	0	0	0.9777531050010956	next_day	8.792843778766265	P01	0.00554093891527312
P01F07	77.64	82.98856867478763	0.8637120321941957	0	16.14772	0.9465140023344938	next_day	9.755234591088955	P01	3.3048492154654574
P01G07	2.75	98.71537589964088	0	0	1.28462	0.952272232612592	next_day	7.893073114109562	P01	0.06886198564370098
P01H07	150.07	87.2881946187762	0	0	12.71181	0.9448441496927152	next_day	10.30086119981376	P01	2.1344731327451263
P01A08	1.35	90.96536208793226	0.5138814028568901	0.2198025914789374	8.30096	0.5134565158001271	next_day	6.522878745280337	P01	3.606021579320043
P01B08	0.01	75.12692835925921	0.1922030976559444	24.123696386599157	0.55717	0.7686547567907969	next_day	6.522878745280337	P01	3.2185795129466204
P01C08	1.48	76.0265287907341	0	21.147199375153747	2.82627	0.8261195421024504	next_day	7.362711356421974	P01	0.8343601906428899
P01D08	0.34	3.46678	0.00877	96.52444	0	0.8145023751109811	next_day	6.522878745280337	P01	0.33158149115837493
P01E08	51.22	91.52992500776966	0	0	8.47007	0.8910883815620467	next_day	9.409778553704967	P01	2.1409532530165727
P01F08	40.18	100	0	0	0	0.9085159905946067	next_day	9.494675762635724	P01	2.2620867037374524
P01G08	54.81	95.76002654486956	0	0	4.23997	0.8742568326646969	next_day	9.062391975949073	P01	1.4794307514117646
P01H08	9.38	95.77387431586554	0	0	4.22613	0.8797637298676175	next_day	8.619857664456191	P01	2.006014379127632
P01A09	59.94	92.4344250277619	0	0	7.56557	0.9557221740137136	next_day	9.741882540530325	P01	2.351695122223629
P01B09	132.93	94.99875502726655	0	0	5.00124	0.8567320238450565	next_day	9.977869094598258	P01	2.756985873343291
P01C09	84.7	90.21644529318262	0	0	9.78355	0.8649181897454917	next_day	9.747823372295525	P01	2.9700950323305166
P01D09	85.95	94.41339876922191	0	0	5.5866	0.9246790994351198	next_day	9.750194325939	P01	2.503740248717693
P01E09	161.92	96.82480584526289	0	0	3.17519	0.95108578995875	next_day	10.209944702708295	P01	2.9853003395727074
P01F09	93.02	96.6468852534838	0	0	3.35311	0.9579009808930512	next_day	9.817462462927956	P01	2.569994171501929
P01G09	107.73	94.50290187279798	0	0	5.4971	0.9439390627751816	next_day	10.001295496655288	P01	2.33984746375301
P01H09	61.14	92.0390138379301	0	0	7.96099	0.9665694011433578	next_day	9.55963257493994	P01	2.46196410699117
P01A10	42.15	92.91242992807346	0	0	7.08757	0.9541282868563088	next_day	9.427685991980436	P01	2.6514089160277137
P01B10	22.33	84.5301403927494	0	0.1805778380526006	15.28928	0.9310054423264044	next_day	9.29856895534255	P01	1.4836266578133783
P01C10	87.29	89.30866013446031	0	0.0434340529845169	10.64791	0.923471699421375	next_day	9.671599581127616	P01	1.6387577986159092
P01D10	55.25	88.21489739500764	0.0025671282176258	0	11.78254	0.880257513543973	next_day	9.3182376866763	P01	1.7727400548667342
P01E10	35.36	88.4483119801649	0	0.0484165601844251	11.50327	0.9109087998364874	next_day	9.718460704625764	P01	1.7582751500420082
P01F10	31.13	71.94275211012028	0	0	28.05725	0.7849237374440802	next_day	8.617825022970647	P01	1.827348638425556
P01G10	8.93	88.24942127001074	0	0	11.75058	0.9071315994827714	next_day	8.130941602688015	P01	2.449243384969674
P01H10	21.09	86.51671297940932	0	0.0582562968259787	13.42503	0.8612637471620412	next_day	9.242957630080822	P01	1.9668269974851764
P01A11	52.42	86.90856062306864	0	0	13.09144	0.9459019717057086	next_day	9.535723695199437	P01	2.6264031787097837
P01B11	56.89	88.56363420571401	0	0	11.43637	0.9393023584133336	next_day	9.872071655369178	P01	2.043706224243389
P01C11	23.86	86.9803211728861	2.049392791693449	0	10.97029	0.9120139588346908	next_day	9.214623824766624	P01	3.699400194156992
P01D11	57.03	85.79937548019254	2.465911453716072	0	11.73471	0.9306158201538182	next_day	9.518681233780953	P01	3.7238632511776646
P01E11	55.13	85.38868679853685	2.003035759371777	0	12.60828	0.9053537494144748	next_day	9.43265331151648	P01	3.596693810775886
P01F11	23.46	87.23112296671937	0.4057763713149666	0	12.3631	0.9362547862709466	next_day	9.15750571329494	P01	3.4065102546837567
P01G11	82.4	80.68360275024622	1.0048992765326226	0	18.3115	0.9240190853076808	next_day	9.560464527588492	P01	3.492355716676502
P01H11	68.92	94.07174927700343	0.0476526531972606	0	5.8806	0.9531434706785084	next_day	9.692766668969398	P01	2.9922393410169708
P03A01	6.43	87.47764438155765	0	0	12.52236	0.8880924957651942	next_day	8.441244417491726	P03	2.2341075940371584
P03B01	122.93	97.51721320993398	0	0	2.48279	0.9422416911258696	next_day	9.973356681205686	P03	3.177390198859438
P03C01	59.79	93.57109887251016	0.0387919387521871	0	6.39011	0.9167708944997924	next_day	9.565804446965023	P03	3.601367016080518
P03D01	106.21	85.950511569534	0.0364670776442683	0	14.01302	0.899003147636312	next_day	9.759102035428697	P03	3.168712599776395
P03E01	21.05	96.52227269013925	0	0	3.47773	0.9569658018514456	next_day	8.628961549059621	P03	1.936091784678759
P03F01	11.3	97.0426061616948	0	0	2.95739	0.8983461755920142	same_day	8.44362161313554	P03	2.289971196860309
P03G01	121.16	92.0881020878974	0.0089702548461832	0	7.90293	0.8990815225411304	same_day	10.053947807228756	P03	3.875407479535328
P03H01	84.44	90.514535918356	0	0	9.48546	0.9587006292980996	same_day	9.628675323626652	P03	3.492045068173425
P03A02	111.42	91.7937452778486	0	0	8.20625	0.9473975912105078	same_day	9.929049780106604	P03	3.5325414505331216
P03B02	23.66	99.75330028462992	0	0	0.2467	0.5958676971738881	same_day	8.694381047059144	P03	2.46750904704934
P03C02	52.33	95.29306904925537	0.0286727799422226	0	4.67826	0.9240713481508036	same_day	9.298665987592534	P03	3.4908469733819496
P03D02	150.65	89.46129071874893	0	0	10.53871	0.9573996251703428	same_day	9.883233307304948	P03	3.3748748197712124
P03E02	51.42	86.70345926043387	0	0	13.29654	0.9458337370384922	same_day	9.435979707461694	P03	3.1200458964868596
P03F02	74.69	86.44906740338	2.1967679030630887	0	11.35416	0.9092897697001632	next_day	9.369616708475938	P03	3.581714749806423
P03G02	206.07	89.42053240346053	0	0	10.57947	0.9630540022600714	next_day	9.96260291340956	P03	3.1453711606142165
P03H02	131.53	93.63409468338446	0	0	6.36591	0.947952707385304	next_day	10.064161447563093	P03	3.716505569320163
P03A03	55.68	91.06314502942266	0.4658827514044097	0	8.47097	0.8925112435182075	next_day	9.427805578063335	P03	3.14208791118533
P03B03	176.51	91.32777561355702	0	0	8.67222	0.949795471929178	next_day	9.956773546004833	P03	3.552249796742417
P03C03	114.3	96.59354700483247	0.3130081732251261	0	3.09344	0.9187713871791552	next_day	9.420778793143503	P03	2.365007972186592
P03D03	223.97	90.4765416587224	0	0	9.52346	0.899009225841697	next_day	10.196017382349496	P03	3.783762647464892
P03E03	144.25	85.43458610270308	0.94576114595612	0	13.61965	0.8972702048366917	next_day	9.911841391103534	P03	3.576529150928511
P03F03	190.45	93.70071409238112	0	0	6.29929	0.9605133135691002	next_day	10.080734457696426	P03	3.6094312508990263
P03G03	228.05	91.99148907575812	0	0	8.00851	0.95686723043142	next_day	10.033600849509202	P03	3.5365609520316403
P03H03	136.47	84.18920631024842	0	0	15.81079	0.9127107923043551	next_day	9.846650894673752	P03	3.376618895072239
P03A04	156.7	88.22168454474554	0.4061993173166032	0	11.37212	0.9374122663440771	next_day	9.826895463171812	P03	3.5613230588277056
P03B04	148.55	86.11247791488661	1.9273323095083648	0	11.96019	0.9552880628280652	next_day	9.559642429931216	P03	3.2006249665955764
P03C04	43.33	90.77330637726656	0	0.0034767507938047	9.22322	0.9036881508588064	next_day	9.219523179071023	P03	3.2274117660240043
P03D04	168.56	84.12237442789868	0	0	15.87763	0.9598942744344744	next_day	10.04455861714256	P03	2.568334735162509
P03E04	82.12	80.9296641914159	2.587279758313048	0	16.48306	0.9000155548337943	next_day	9.32368827815309	P03	3.190709006596288
P03F04	55.09	82.15121689032976	0	0.0026782169804983	17.8461	0.95375274524035	next_day	9.540530317298252	P03	2.7104634822604847
P03G04	129.42	88.91177686258897	0	0	11.08822	0.8810174506405548	next_day	9.842214891078632	P03	2.821497275133314
P03H04	78.57	82.45723403610812	0	0	17.54277	0.9390784061481778	next_day	9.74047993080086	P03	2.7961996869688797
P03A05	135.91	94.60043520537808	0	0	5.39956	0.961554813563611	next_day	9.93681458896305	P03	3.422018201647861
P03B05	1.02	81.19699716183804	0	0	18.803	0.8553838829998407	next_day	7.577480160979289	P03	2.544599399460268
P03C05	83.87	83.92018472926826	1.0640278365882938	0	15.01579	0.906079941641243	next_day	9.499939768891563	P03	3.601317644025085
P03D05	36.48	94.72014943137866	0	0	5.27985	0.894538998851163	next_day	8.830072057596247	P03	2.6122939824381097
P03E05	164.5	90.37948546631692	0	0	9.62051	0.9168024994715758	next_day	9.93654676229844	P03	3.0672192435472083
P03F05	52.58	96.5645141187815	0	0	3.43549	0.9497460747890596	next_day	9.465787661616206	P03	3.171892785822373
P03G05	86.01	83.01115655098289	0	0	16.98884	0.9685827945908938	next_day	9.547672526688356	P03	2.4074137609745923
P03H05	5.59	98.40385964470757	0	0	1.59614	0.8667397372410528	next_day	8.033387980422651	P03	2.431700373459849
P03A06	14.93	97.12462649251236	0	0	2.87537	0.951332584791399	next_day	8.728583107057347	P03	2.2673876282917704
P03B06	113.45	81.17164917723527	0	0	18.82835	0.8379512458450509	next_day	9.832007752063475	P03	2.6753971823236156
P03C06	56.37	93.349057365875	0.0017176542603704	0	6.64922	0.9556967517598168	next_day	9.530879868936283	P03	3.3218204794831743
P03D06	16.13	100	0	0	0	0.9167452710427384	next_day	8.946235365854076	P03	0.26010346897426145
P03G06	90.84	90.24298219576568	0	0	9.75702	0.934272778514067	next_day	9.658480056275383	P03	3.394644276527137
P03A07	88.75	93.3726573135651	0	0	6.62734	0.9334254055380043	next_day	9.7668059725697	P03	2.717570767776441
P03B07	84.14	88.19163773494886	0	0	11.80836	0.960666730031695	next_day	9.512596544364966	P03	2.301228797383351
P03C07	73.3	89.09757662674754	0	0	10.90242	0.955318638024102	next_day	9.583385965581996	P03	3.598833728837764
P03D07	1.91	87.98166929337353	0	0	12.01833	0.4111118574260328	next_day	6.522878745280337	P03	3.7100351131153073
P03E07	36.19	91.7535979403006	0	0	8.2464	0.8716952501853362	next_day	9.19185837758605	P03	2.5329875562360766
P03F07	143.58	94.92989325538136	0	0	5.07011	0.8844167857601856	next_day	9.929395048708482	P03	2.835242817909303
P03G07	144.75	92.86927237316765	0	0.1388704580613079	6.99186	0.8907413897062992	next_day	10.00039330869362	P03	3.0905885204243027
P03H07	57.46	92.2123375450402	0.9381746991182666	0	6.84949	0.948600149443586	next_day	9.693262580588508	P03	3.178224396557822
P03A08	101.2	94.58023858055402	0	0	5.41976	0.87712854534924245	next_day	9.989072471122904	P03	3.136095800593824
P03B08	103.55	85.5233597247908	0	0	14.47664	0.9345772228281396	next_day	9.494667128333264	P03	3.277681728019036
P03C08	47.76	81.97505109565687	0	0	18.02495	0.9000395027052929	next_day	9.257473091351091	P03	3.2786263474063864
P03D08	170.23	86.29313136474849	0	0	13.70687	0.947304303264593	next_day	9.954813683534804	P03	2.6251090439065026
P03E08	108.94	87.64829417365657	0.6586372480084889	0	11.69307	0.9557308675007914	next_day	9.657427840151778	P03	3.4833061654039708
P03F08	57.97	87.96906976164723	0	0	12.03093	0.9527551411530316	next_day	9.697881333912562	P03	3.047321666092376
P03G08	127.46	93.40288614433229	0	0	6.59711	0.962365698407152	next_day	9.955460506666814	P03	2.2360753604475883
P03H08	113.53	91.39267078424088	0	0	8.60733	0.9550003075000846	next_day	10.087245526270172	P03	3.576834591264621
P03A09	172.65	88.30206063916616	1.7403854186280758	0	9.95755	0.8940867831919462	next_day	10.121455858137915	P03	3.804027375294715
P03B09	205.67	96.43472826286066	0	0	3.56527	0.9559770642644816	next_day	10.13182122184218	P03	2.308951437551625
P03C09	126.3	89.8820843471958	0	0	10.11792	0.955007567302242	next_day	9.94085294557013	P03	3.535293721998578
P03D09	3.01	93.49874727524164	0	0	6.50125	0.30842578660736514	next_day	6.522878745280337	P03	3.8826926308260186
P03E09	4.65	72.46865651935633	0	0	27.53134	0.950634884693796	next_day	7.52549682377793	P03	2.8764937449153023
P03F09	86.13	96.76403156242608	0	0.01065489297874	3.22531	0.9455272605984416	next_day	9.94667492128167	P03	2.575419391250689
P03G09	29	97.4393123262834	0	0	2.56069	0.9137445761694658	next_day	9.374588502251838	P03	1.7792629816882064
P03A10	142.39	95.36690726261064	0	0	4.63309	0.9556760869860385	next_day	10.101450529433697	P03	2.9401514601148815
P03B10	165.86	91.12944298205046	0.0028068732955446	0	8.86775	0.9565173808903412	next_day	10.011359921986536	P03	3.110774474039831
P03C10	40.76	93.6132622440661	0.4725932521575313	0	5.91414	0.95500927659515	next_day	9.12247911923242	P03	2.8673400213942224
P03D10	50.51	85.69723960522565	0	0	14.30276	0.9435191676486486	next_day	9.453997872654169	P03	3.1137280787669126
P03E10	56.17	87.73781522957854	0	0	12.26218	0.9355761741634422	next_day	9.417190232321987	P03	3.4134120920751996
P03F10	15.2	83.37492876665935	0	0	16.62507	0.9689324124077726	next_day	8.84034758718971	P03	3.0208867141366658
P03G10	125.93	86.26278122853282	2.3852435375793024	0	11.35198	0.9246892457229908	next_day	9.94247608656772	P03	3.4522584351031753
P03H10	126.29	85.8432249111013	1.228486062961961	0	12.92829	0.8953713059581985	next_day	9.795765759551696	P03	3.744062699029958
P03B11	62.97	89.69384842158941	0	0	10.30615	0.9319279259489364	next_day	9.31424022482564	P03	1.9339919003363315
P03E11	3.5	99.9855	0	0.0145	0	0.88732772118939085	next_day	7.706212337697328	P03	1.7039018522947258
P03F11	9.17	95.05799150349254	0	0	4.94201	0.936044362858218	next_day	8.647900871709412	P03	2.707177969305373
P03G11	59.73	92.94534434093195	0	0	7.05466	0.9304765275299248	next_day	9.375439494064311	P03	3.0700884972515285
P03H11	32.03	91.0405653095209	0	0	8.95943	0.91132271285005	next_day	9.228288439905173	P03	3.3167521000725655
P05A01	37.06	94.0329679463725	0	0	5.96703	0.8582026510842059	next_day	9.318366378857249	P05	3.1061211193344853
P05B01	41.32	94.8657074360493	0	0	5.13429	0.8199877145124286	next_day	9.426502219121264	P05	3.377145385203862
P05C01	130.28	97.59963452299556	0	0	2.40037	0.914402129922512	next_day	9.9686569091537	P05	2.902784840124358
P05D01	88.71	95.2990424316964	0	0	4.70096	0.9197629404428908	next_day	9.694532924954874	P05	3.5712763630957887
P05E01	45.24	92.80715289713802	0	0	7.19285	0.8551959249002287	next_day	9.577928492663808	P05	2.622837659131772
P05F01	210.74	98.40672511662332	0	0	1.59327	0.9334737030039324	next_day	10.063425401065874	P05	3.1366063464551877
P05G01	70.92	97.20423150550326	0	0	2.79577	0.9112305999300628	next_day	9.570094881005428	P05	2.9926755101505167
P05H01	141.21	89.9983949518486	0	0	10.00161	0.9337869163399158	next_day	9.933304920040944	P05	3.8416043680320993
P05A02	30.9	95.53606692376904	0	0	4.46393	0.8948742110946898	next_day	9.0982180563586	P05	3.681686300780349
P05B02	150.7	97.78295164909348	0	0	2.21705	0.9210721060999338	next_day	9.866996072445884	P05	3.3885678043697265
P05C02	76.51	98.58275160747584	0	0	1.41725	0.9029247980786622	next_day	9.370439081919544	P05	2.8105982903028934
P05D02	138.28	94.06328350849758	0	0	5.93672	0.8543112722668695	next_day	9.78974570898948	P05	3.3005980821394076
P05E02	73.96	96.16385900130948	0	0	3.83614	0.953532430178352	next_day	9.287632935407574	P05	2.275385797486094
P05F02	145.21	76.94106636299615	0	0	23.05893	0.8900135010672269	next_day	9.63572462817477	P05	2.82419840951588
P05G02	58.33	93.62636907075704	0	0	6.37363	0.9428167638078844	next_day	9.269702877141157	P05	3.1725681580716363
P05H02	8.42	100	0	0	0	0.8277344463636213	next_day	8.742272378968629	P05	0.516254112818922
P05A03	3.8	88.74468617120188	0	0	11.25531	0.8651420573098603	next_day	7.630452717140793	P05	1.6068348428360455
P05B03	30.8	82.42453094860412	0	0	17.57547	0.9379328834606386	next_day	8.998429018850857	P05	2.9363039432705955
P05C03	16.36	92.32097324323924	0	0	7.67903	0.8765008688754208	next_day	8.654516901176432	P05	3.438917583069116
P05D03	269.63	93.93279507736564	0	0	6.0672	0.939605855951902	next_day	10.100797883881103	P05	2.6416808295668
P05E03	44.72	81.47524514027472	0.363585372318297	0	18.16117	0.9125530092809356	next_day	9.25830727406264	P05	3.1395814209983515
P05F03	118.44	72.806213307243	0	0	27.19379	0.8637110562167636	next_day	9.631921468904764	P05	2.73470498804821
P05G03	49.5	97.79389741223508	0	0	2.2061	0.884180549247844	next_day	9.253093018664606	P05	1.960569121914792
P05H03	177.88	89.54392431723966	0	0	10.45608	0.9392303164838096	next_day	9.945953113789956	P05	3.334843823032673
P05A04	5.25	91.76065154284288	0	0	8.23935	0.882063873386161	next_day	7.691612984834347	P05	2.0687413752217156
P05B04	226.26	89.14459832408514	0	0	10.8554	0.9465887722472583	next_day	9.96985840673796	P05	3.1000497545380696
P05C04	15.82	70.91571899123426	0	0	29.08428	0.8896150527960249	next_day	8.819369924734644	P05	2.7564275308478603
P05D04	168.68	91.53450358480671	0	0	8.4655	0.9203073168022156	next_day	9.857198627158386	P05	3.3373459970835513
P05E04	93.76	93.31027116983708	0	0	6.68973	0.8935866158504285	next_day	9.469439452027606	P05	3.216804009984614
P05F04	14.46	83.68674321562303	0	0	16.31326	0.9173762944032487	next_day	8.682520963365095	P05	2.313369797726629
P05G04	23.06	88.73306190998593	0	0	11.26694	0.9440782754177068	next_day	9.1656987293665	P05	2.402310422869237
P05H04	90.31	82.89307093131535	0.9226518580374748	0	16.18428	0.885310353777642	next_day	9.659080953936757	P05	3.318454647921489
P05A05	74.6	91.17868540690915	0	0	8.82131	0.943182816115334	next_day	9.617356802096989	P05	3.441445450999434
P05B05	50.18	91.07923402878994	0	0	8.92077	0.9497651111730848	next_day	9.399505961978113	P05	2.831710003926863
P05C05	13.74	90.32479256518108	0	0	9.67521	0.9474849776628372	next_day	8.74748506544708	P05	2.554206599411611
P05D05	25.71	87.71485364997858	0	0	12.28515	0.928699317634047	next_day	9.176575241647551	P05	2.777967987163155
P05E05	100.44	93.18250966162071	0	0	6.81749	0.9603574931326004	next_day	9.84207043084017	P05	3.03430863920973
P05F05	3.42	84.86768728901191	0	0	15.13231	0.8927162158419242	next_day	6.522878745280337	P05	2.522314723757467
P05G05	79.94	78.77635444099015	0	0	21.22365	0.895202206461051	next_day	9.613721833815982	P05	1.9081870079986412
P05H05	21.72	92.12913561240256	0	0	7.87086	0.9387464583680528	next_day	8.913295632270643	P05	3.015529232438022
P05A06	51.41	93.84861317119189	0	0	6.15139	0.9334422341131188	next_day	9.47540568935968	P05	2.996572796697088
P05B06	99.92	90.25962936597756	0	0	9.74037	0.956686978790855	next_day	9.769900306370465	P05	3.4945625359075256
P05C06	57.28	91.09068894050536	0	0	8.90931	0.959262700812103	next_day	9.47354338184448	P05	2.9417624339495565
P05D06	120.48	89.058585256096	0	0	10.94141	0.9583151620318928	next_day	9.84492522392814	P05	2.912581465923173
P05E06	92.54	95.86249882642358	0	0	4.1375	0.9016749107142724	next_day	9.6969917182294445	P05	3.0433828046439877
P05F06	8.21	88.18908072830897	0	0	11.81092	0.8764720391801804	next_day	8.28988299686761	P05	3.249215112369586
P05G06	115.75	89.30818681083116	0	0	10.69181	0.8648780875033858	next_day	9.61959599876269	P05	3.0091457370168113
P05H06	32.15	89.24229031638922	0	0	10.75771	0.9119679975949244	next_day	8.85495998549294	P05	2.441925095280318
P05A07	44.38	92.51977464302296	0.0227839779324792	0	7.45744	0.9520094856798988	next_day	9.59587863571497	P05	3.7117317462713744
P05B07	28.75	84.33165282640195	0.0013351959591167	0.1730853394596812	15.49393	0.916824091049952	next_day	8.71996125319645	P05	3.1281519722873097
P05C07	6.35	86.26651183937054	0	0	13.73349	0.9250752545718312	next_day	8.236347009245224	P05	3.2123797811340147
P05D07	30.25	88.08886506995765	0	0	11.91113	0.9690103772206232	next_day	9.187222784239893	P05	3.077146359800144
P05E07	78.64	93.64836712575098	0	0	6.35163	0.905869775265366	next_day	9.408029529179466	P05	3.198035816339954
P05F07	184.73	89.42110588854362	0	0	10.57889	0.945951492870499	next_day	9.668722993565009	P05	2.9424722241387555
P05G07	49.68	93.90723299805975	0	0	6.09277	0.933937535880984	next_day	9.3646459387373	P05	3.2693439962495874
P05A08	68.62	91.49279881250806	0	0	8.5072	0.9400269774033756	next_day	9.551549304579032	P05	3.308090551563529
P05B08	67.81	87.1354614199727	0	0	12.86454	0.7189771473515179	next_day	9.534162627008316	P05	0.442456393820768
P05C08	28.34	82.14598938664219	0	0	17.85401	0.938293207724614	next_day	9.105291774379568	P05	2.626839007409251
P05D08	9.8	90.48517072198187	0	0	9.51483	0.916902823131416	next_day	8.604363397526404	P05	3.0191927785442916
P05E08	18.43	85.92542520812162	0	0	14.07457	0.890928233551172	next_day	8.30748630427819	P05	2.7801797202849747
P05F08	6.57	95.38989479885257	0	0	4.61011	0.927141135194045	next_day	8.403004484367456	P05	3.63572824588747
P05G08	62.68	97.44504816917312	0	0	2.55495	0.9072113356587006	next_day	9.727271596658351	P05	0.15303185956483434
P05H08	19.43	89.2254861646718	0	0	10.77451	0.9487293653833698	next_day	9.104065458104603	P05	2.5542307980141454
P05A09	89.29	91.68745938861872	0	0	8.31254	0.9215042052577254	next_day	9.67948950146388	P05	3.4170010446610637
P05B09	49.11	96.70879494891273	0	0	3.29121	0.901749327538084	next_day	9.201937418851616	P05	2.9107620835955395
P05C09	39.08	84.013268683568	0	0	15.98673	0.9576384413484496	next_day	9.138250147757338	P05	3.2443190828824995
P05D09	56.18	91.6220951445029	0	0	8.3779	0.955911253925602	next_day	9.47331984084106	P05	3.3157198359906586
P05E09	12.63	90.89063702568278	0	0	9.10936	0.9158937262444384	next_day	8.349172924311075	P05	3.3371109645747334
P05F09	90.94	87.5570951220284	0	0	12.4429	0.8566887607855034	next_day	9.560334097724324	P05	2.8139210479443726
P05G09	14.31	93.03899745155196	0.1565218747084543	0	6.80448	0.8965196516169859	next_day	8.716628549999326	P05	1.9249943594508632
P05A10	55.6	92.12242427042028	0	0	7.87758	0.9460926883473868	next_day	9.43974198452864	P05	2.9198288961250087
P05B10	164.81	87.12972049809096	1.2700303809034246	0	11.60025	0.8952391419514014	next_day	9.611399936757085	P05	2.764587465892354
P05C10	66.38	92.30696484647024	0	0	7.69304	0.9418772169019908	next_day	9.400842976121544	P05	2.853099497325268
P05D10	56.73	100	0	0	0	0.9387580461230594	next_day	9.139309153131371	P05	1.706024103252738
P05E10	373.87	92.54452526033664	0.0288643828907582	0	7.42661	0.9306696264645778	next_day	9.99772651719313	P05	2.9147711459804553
P05F10	112.5	93.8741729575568	0	0	6.12583	0.943842015568882	next_day	9.782279708085962	P05	2.73387128803716
P05G10	6.49	90.72318314343082	0	0	9.27682	0.8783560297417675	next_day	7.731943137875459	P05	2.7152337252689804
P05H10	178.2	99.8873526212046	0	0.0042853512690191	0.10836	0.8919828758346993	next_day	10.158095412157977	P05	2.3456227632485143
P05A11	68.44	94.73592734049188	0	0	5.26407	0.8965435998892841	next_day	9.437260936973058	P05	3.061584602331091
P05B11	188.24	92.9922076933196	0	0	7.00779	0.933617753886506	next_day	10.101780209210608	P05	2.6016735575154533
P05C11	231.69	97.5120293414524	0	0	2.48797	0.9572189627019376	next_day	10.053459320787844	P05	2.8797321111261764
P05D11	39.05	61.65489374668619	0	0	38.34511	0.9276793708514128	next_day	8.910032297927986	P05	2.524105627930633
P05E11	195.79	92.23065764769603	0	0	7.76934	0.9259110643068792	next_day	9.99104580163839	P05	2.686088117472989
P05F11	9.55	92.16633520896168	0	0	7.83366	0.8741355432665808	same_day	8.195154951562309	P05	3.033823094120047
P05G11	24.01	81.14440973446216	0	0	18.85559	0.9120867307116765	same_day	9.026213947970485	P05	2.9823524870324776
P05H11	8.73	93.70981505761358	0	0	6.29018	0.9459911041760192	same_day	8.632946151600093	P05	3.0337942462987755
P07A01	129.91	81.90195712556357	0	0	18.09804	0.9637519481570797	next_day	10.002354790224574	P07	3.2706632399036826
P07B01	142.79	72.317676074745	0	0	27.68232	0.9143416284182424	next_day	9.774817366880097	P07	3.0587979434697132
P07C01	1.58	64.03479880889338	0	0	35.9652	0.37229742144913336	next_day	6.522878745280337	P07	0.6532177076929342
P07D01	0.89	92.38362293956168	0	0	7.61638	0.77904034804911515	next_day	6.522878745280337	P07	3.217675098290573
P07E01	0.93	72.54480538842422	0	0.0255955804217119	27.4296	0.8870371065678931	next_day	6.522878745280337	P07	2.376793056879937
P07F01	35.09	88.67663823534899	0	0	11.32336	0.9252513710214828	next_day	9.14020329002424	P07	1.4047801386149317
P07G01	23.47	90.9465007740558	0	0.0066668671881031	9.04683	0.9258849201218676	next_day	9.097375015329698	P07	1.941394134280548
P07H01	7.78	100	0	0	0	0.901112578287724	next_day	8.572673653460214	P07	0.9356602016487848
P07A02	5.31	100	0	0	0	0.9108821002922408	next_day	7.549356104496023	P07	0.2660035971820853
P07B02	97.62	88.90329660105071	0	0	11.0967	0.9124268538648924	next_day	9.706119053399393	P07	2.7264889759007036
P07C02	8.35	91.62404996646164	0	0.2641510113509178	8.1118	0.8982439461841889	next_day	7.9950959861362865	P07	2.045595538366374
P07D02	11.9	87.78881232477237	0	0	12.21119	0.8275024886410016	next_day	8.868264305156178	P07	1.8116183011001403
P07E02	106.29	92.30340428436185	0	0	7.6966	0.9465528584458448	next_day	9.848861730804558	P07	2.66675193132208
P07F02	11.16	96.47320930919734	0	0	3.52679	0.7750532988111736	next_day	7.771859840751903	P07	0.7649137690852196
P07G02	8.21	88.09965023642432	0	0.2656526099470462	11.6347	0.9455532987327931	next_day	8.731774069744267	P07	1.5553286956257804
P07H02	2.02	100	0	0	0	0.8178090076262651	next_day	7.694159158043552	P07	0
P07A03	2.05	100	0	0	0	0.23884193215282823	next_day	6.522878745280337	P07	0
P07B03	153.23	86.08768462366942	0	0	13.91232	0.8985017581306369	next_day	9.817427382245103	P07	2.196214898488338
P07C03	109.24	90.4634361309338	0	0	9.53656	0.9281450200263448	next_day	9.48178684279093	P07	2.460063164998692
P07D03	101.29	100	0	0	0	0.944804031905963	next_day	9.371617837479114	P07	2.0345755043290983
P07E03	16.22	96.26425974866558	0	0	3.73574	0.8707559664573723	next_day	8.7066555753367	P07	1.535725132170143
P07F03	38.89	95.35208780534862	0	0	4.64791	0.8518001309075582	next_day	9.191096523954386	P07	1.2373151175186337
P07G03	186.43	89.00698004844605	0	0	10.99302	0.8927757747692096	next_day	9.787602939000188	P07	2.11204571304587
P07H03	38.69	92.30652338518708	0	0	7.69348	0.8376716794676687	next_day	8.379468263085284	P07	2.511791954472435
P07A04	37.05	91.07633768554408	0	0.001375273465681	8.92229	0.9529267137757084	next_day	9.556860280492543	P07	1.566331742006202
P07B04	107.53	92.5615395978752	0	0	7.43846	0.9463782905107648	next_day	9.599993154091829	P07	2.734441813791041
P07C04	100.89	83.59878839048473	0	0	16.40121	0.9369779950206214	next_day	9.82207728472254	P07	2.5642537430716503
P07D04	169.95	96.35626461106384	0	0	3.64374	0.9392819306734757	next_day	9.923825319354425	P07	3.6009989160060143
P07E04	142.71	91.64257819878988	0	0	8.35742	0.9269567531381298	next_day	9.536285766123209	P07	2.8928769721731284
P07F04	20.21	92.51709556130795	0	0	7.4829	0.8694753412449752	next_day	8.906482711128572	P07	1.463940114556993
P07G04	104.68	88.2638546866187	0	0.008041569748955	11.7281	0.8872396374715527	next_day	9.726209531099492	P07	2.509385370190667
P07H04	24.19	98.1493350225256	0	0	1.85066	0.9278559342620256	next_day	8.482450507671293	P07	2.1144432285106336
P07A05	80.18	97.70115839982398	0	0	2.29884	0.921710585467286	next_day	8.822080181339764	P07	1.8314395389199292
P07B05	34.6	82.46266038551924	0	0	17.53734	0.9290735779173744	next_day	9.000824484083903	P07	2.6673154250133533
P07C05	39.65	96.30017159775475	0	0	3.69983	0.918460579736334	next_day	8.784780885275174	P07	2.1474093601568054
P07D05	85.67	84.87638525705333	0	0	15.12361	0.8887367468767432	next_day	8.893167312590423	P07	2.5729698293907055
P07E05	272.94	94.0221552246928	0	0	5.97784	0.8952731521487511	next_day	10.114127477485193	P07	3.5797038737000895
P07F05	185.77	88.65192110717895	0	0	11.34808	0.9402791559363046	next_day	8.912772022164	P07	3.059013212991989
P07G05	54.81	95.82631472189894	0	0	4.17369	0.9514515680654528	next_day	8.28513356627753	P07	2.102902101119955
P07H05	46.95	86.46352864929968	0	0	13.53647	0.9471322667935476	next_day	9.395572903397175	P07	2.579464242606943
P07A06	135.33	92.45326006269497	0.0028661399122808	0	7.54387	0.9159578038990476	next_day	9.572174529541988	P07	1.813791326055029
P07B06	14.46	94.44564992064944	0	0	5.55435	0.954369615424832	next_day	8.6343714293271	P07	2.3643520196103847
P07C06	48.13	88.73727645438984	0	0	11.26272	0.8673426207175556	next_day	8.859935375455043	P07	3.1295531594048756
P07D06	106.09	96.37912707572984	0	0	3.62087	0.9604271499275604	next_day	9.57390932764186	P07	3.2861950944752127
P07E06	132.53	92.83923876016658	0	0	7.16076	0.9386550332982728	next_day	9.497616204323974	P07	2.5128025549669837
P07F06	42.57	83.42971162688612	0	0	16.57029	0.947192888152455	next_day	9.434240265377634	P07	2.195944487098943
P07G06	27	89.11324970276438	0	0	10.88675	0.8373823540840947	next_day	8.916093928937364	P07	3.300816752043138
P07H06	3.76	93.51986185741492	0.2447255731938889	0	6.23541	0.8510476565501102	next_day	7.938677691520342	P07	2.460185564433735
P07A07	18.74	99.0592817676105	0	0.0036257024134028	0.93709	0.9022626852868336	next_day	8.50200404922315	P07	2.357482167046408
P07B07	247.61	80.80151557492835	0	0	19.19848	0.9608931537300806	next_day	9.594957860355548	P07	3.078841734291491
P07C07	115.15	88.87533219307379	0.0193434814267713	0	11.10532	0.8952217604223052	next_day	8.92996912951486	P07	3.1955763887255055
P07D07	120.36	90.94515942258334	0	0	9.05484	0.9374025098227968	next_day	9.275260380244566	P07	1.7341141822710266
P07E07	71.96	86.71324042549627	0.0298916833246997	0	13.25687	0.8943483095708766	next_day	9.091342365879685	P07	3.0022039602823605
P07F07	77.72	95.18273216551856	0	0	4.81727	0.916076295935772	next_day	8.962795870655809	P07	1.9558851719012813
P07G07	32.79	94.79394045255162	0.0109689280153315	0	5.19509	0.8820799498503946	next_day	8.84704179740129	P07	1.3324413242535749
P07H07	1.85	89.89108735251233	0	0	10.10891	0.8262606072976622	next_day	7.604785606199913	P07	1.038894083404654
P07A08	2.31	85.48549706307182	0	0.0076858371427292	14.50682	0.7732645953593639	next_day	7.895121395922216	P07	1.3400332714544136
P07B08	158.67	86.85940537986514	0	0	13.14059	0.9422536899524684	next_day	9.913920002639337	P07	3.224434134444527
P07C08	59.19	78.750150988091	0	0	21.24985	0.8695792027098533	next_day	9.101793737921138	P07	2.726230309109299
P07D08	175.79	95.84404907467815	0	0	4.15595	0.9568090803732392	next_day	9.933241878602642	P07	3.1140747448841872
P07E08	18.38	68.27554168093587	0	0	31.72446	0.8564048022043496	next_day	8.398347057639931	P07	2.4117563629846117
P07F08	91.63	84.02175013226895	1.1809779737316533	0	14.79727	0.937616116183342	next_day	9.450026829991284	P07	3.7192460899311177
P07G08	42.98	84.99343619306147	0	0	15.00656	0.9441461724465146	next_day	9.437832924786235	P07	2.5306380382530373
P07H08	40.4	84.70410944606864	0	0	15.29589	0.9616032277431866	next_day	9.239333202535834	P07	2.2083894241436473
P07A09	14.18	99.53123516849617	0	0	0.46876	0.9463747859014104	next_day	8.778293062023728	P07	2.8955864872644588
P07B09	29.3	85.23683336930226	0	0	14.76317	0.9421356201118386	next_day	8.839263112963437	P07	2.557378740934023
P07C09	152.69	88.07655917254841	0.4279280461511341	0	11.49551	0.9306526498320998	next_day	9.510108568368857	P07	3.900263077614957
P07D09	104.14	80.1447449582283	0	0	19.85526	0.9411037934063176	next_day	9.600757683224437	P07	2.311708664950126
P07E09	74.24	83.83167579838397	0	0	16.16832	0.8998644384962051	next_day	9.308751596636212	P07	2.506609767830404
P07F09	15.48	92.48953439400402	0	0	7.51047	0.9459474901476456	next_day	8.4728279244202	P07	1.9915295231554215
P07G09	118.88	87.41607437248805	0	0	12.58393	0.9340249981002012	next_day	9.73995273056255	P07	2.5405926901706968
P07H09	20.04	95.4948902647173	0	0	4.50511	0.952187637657888	next_day	8.797361784303869	P07	3.0378403485292305
P07A10	4.5	96.7806311151423	0	0.0172687453351091	3.2021	0.9399183744371592	next_day	8.01279478471883	P07	1.863524280607096
P07B10	75.27	91.34303849149852	0.2975386257843942	0	8.35942	0.884921123275677	next_day	9.598042377494531	P07	3.5567073700252254
P07C10	80.86	89.01504245638539	0	0	10.98496	0.938829263013344	next_day	9.523752341014056	P07	3.365389273470174
P07D10	37.03	84.58141918847895	0.1254169415741566	0	15.29316	0.9018838944162542	next_day	9.104147294081036	P07	3.5273149766068705
P07E10	53.51	86.90428297646142	0	0	13.09572	0.8797506819105442	next_day	9.109540601572048	P07	3.5949768437741634
P07F10	106.63	93.19311554680108	0.0022926070405845	0	6.80459	0.8794626324400714	next_day	9.543350611136928	P07	3.9707984460076577
P07G10	70.11	88.46158632852925	0.0063254556925718	0	11.53209	0.9510732359729712	next_day	9.4128989935051	P07	3.6869483248817514
P07H10	146.41	91.1370131986686	0.0720277796605865	0	8.79096	0.8859848007577327	next_day	9.7900637641086	P07	3.590614390952356
P07A11	129.35	87.44260334216261	0.5236277874219651	0	12.03377	0.9189135830316396	next_day	9.83243734612957	P07	3.718217364912597
P07B11	42.58	89.91527610237118	0.8943660031690447	0	9.19036	0.9322624252691254	next_day	9.1177064060202	P07	3.8746445165624426
P07C11	58.57	93.016170754399	0	0	6.98383	0.8852505429147511	next_day	9.270417575550688	P07	3.3273286352724125
P07D11	17.23	94.73440739023076	0	0	5.26559	0.9433144388137756	next_day	8.717303212067844	P07	3.27438393389626
P07E11	48.94	93.43337185181947	0	0	6.56663	0.8939591844927489	next_day	9.598766971284409	P07	4.01110355348193
P07F11	37.97	90.17834351042266	0.1341592228102174	0	9.6875	0.940373671036618	next_day	9.082278427425615	P07	3.992067995729991
P07G11	26.12	93.6456348610054	0	0	6.35437	0.9299862269043232	next_day	8.815996399182001	P07	2.939264121254279
P07H11	45.38	86.45831618567469	0.1860774998790953	0	13.35561	0.8975858970061019	next_day	9.351762068890508	P07	3.754648121758338
P10A01	15.87	97.60905048065368	0	0	2.39095	0.9457638160951648	next_day	9.123023723033084	P10	1.7464611207625975
P10B01	11.42	88.61210823418426	0	0	11.38789	0.9319804829097126	next_day	9.06801034313798	P10	1.9163961082685952
P10C01	5.45	89.80795088340844	0	0	10.19205	0.968792572634076	next_day	8.76694277949614	P10	0.421732260850642
P10D01	63.29	94.28572306465834	0	0.0199833791954526	5.69429	0.9478549193008468	next_day	9.757550643987251	P10	2.8650618873949454
P10E01	15.82	87.80518752003668	0	0	12.19481	0.9468107351007184	next_day	9.013365395393976	P10	0.5306036280384788
P10F01	60	95.8048281536534	0	0	4.19517	0.929147204895795	next_day	9.601273241731684	P10	3.679746648695081
P10G01	100.6	94.98396105319364	0	0	5.01604	0.9500420209701156	next_day	9.99929187004392	P10	2.422993013084396
P10H01	111.73	95.48944861044336	0	0	4.51055	0.9292758090714732	next_day	9.824134880579203	P10	3.9172436150360097
P10A02	7.83	94.24650371657324	0	0.0222474252694748	5.73125	0.9006487808493491	next_day	8.766971655585671	P10	0.572536614093219
P10B02	71.2	100	0	0	0	0.934312514412802	next_day	9.501556145933296	P10	2.632062658521043
P10C02	25.87	93.86914927024506	0	0	6.13085	0.923733124369833	next_day	9.216769736069024	P10	2.1684937684279446
P10D02	32.44	94.26900220342908	0	0	5.731	0.9268062432801156	next_day	9.37733622880056	P10	2.1541406916021915
P10E02	113.13	90.29248250806113	0	0	9.70752	0.946492722153034	next_day	9.8718171178377645	P10	2.3982332274096425
P10F02	10.18	86.7907741334078	0	0	13.20923	0.9672542554887308	next_day	8.870025560458728	P10	1.0711702304508417
P10G02	40.38	90.3840641306657	0	0	9.61594	0.9367399834915572	next_day	9.579310631296025	P10	2.1339004893761873
P10H02	75.22	87.64073620398126	0	0	12.35926	0.9576625248052132	next_day	9.68632500363109	P10	2.6331963650687267
P10A03	63.02	99.98260076436364	0	0	0.0174	0.9158415309289544	next_day	9.56687021957698	P10	2.9673993357308315
P10B03	55.84	94.727421189094	0	0	5.27258	0.9187740933712346	next_day	9.451433221107578	P10	2.365012590641772
P10C03	87.7	94.2388902424172	0	0	5.76111	0.9152290236032988	next_day	9.586690234659487	P10	2.4099459572255135
P10D03	105.99	100	0	0	0	0.20886019846328205	next_day	8.950549747631516	P10	2.548964984764416
P10E03	115.03	96.04810699705016	0	0	3.95189	0.9434968508709516	next_day	9.880767849657762	P10	3.5092730619287056
P10F03	33.86	100	0	0	0	0.9038369718110072	next_day	9.28632615454804	P10	1.1257909349471482
P10G03	13.1	92.85103434983549	0	0	7.14897	0.8996719917518656	next_day	9.133566846251542	P10	0.427837120428049
P10H03	88.53	94.94907175588398	0	0	5.05093	0.9391095483806748	next_day	9.763670849540247	P10	3.312253076159083
P10A04	1.61	79.96360794172568	0	0.0617235381704438	19.97467	0.89038367997969	next_day	6.883083225231252	P10	2.534456504174503
P10B04	17.3	91.8969251139376	0	0	8.10307	0.9371080498043508	next_day	8.843531195963049	P10	3.551997059411316
P10C04	9.8	92.68141197267748	0	0	7.31859	0.9115562237039292	next_day	8.719649229797165	P10	3.34537323244067
P10D04	74.34	93.89580509773238	0	0	6.10419	0.9314612722917222	next_day	9.639442630380817	P10	3.467693760935261
P10E04	9.16	100	0	0	0	0.9354836209213914	next_day	8.637107800464966	P10	3.626483774373002
P10F04	84.26	87.58626492703192	0	0	12.41374	0.92211524554051	next_day	9.51796380178613	P10	3.1880618073119846
P10G04	35.49	64.21370859322964	1.5386108502083946	0	34.24768	0.8432019874632186	next_day	8.964067660194866	P10	3.1506985604071738
P10H04	72.32	98.11256500789727	0	0	1.88743	0.91954478317247	next_day	9.561158409546463	P10	1.065067390029227
P10A05	21.87	68.1133221839196	0	0	31.88668	0.90820211550479	next_day	9.030518746253884	P10	2.176818166753697
P10B05	58.48	100	0	0	0	0.9208359005556775	next_day	9.78633774174418	P10	0.7363831353121039
P10C05	60.04	95.24731077345557	0	0	4.75269	0.889418348258634	next_day	9.736551602854451	P10	0.6210309743056485
P10D05	27.14	98.51948346124408	0	0	1.48052	0.921902877304442	next_day	9.422955843114623	P10	0.3734910619020784
P10E05	45.94	100	0	0	0	0.9166975756568188	next_day	9.426032091052868	P10	2.88922614200362
P10F05	65.27	95.15231051150246	0	0.0206239749032041	4.82707	0.9406623151518512	same_day	9.62353091251508	P10	3.0537680881770872
P10G05	33.51	92.60301628158392	0	0	7.39698	0.9590204812883952	same_day	9.4265764743239	P10	3.3350233322582827
P10H05	10.45	98.47259104033928	0	0	1.52741	0.9368752976431276	same_day	8.688717665472184	P10	3.5258712616673025
P10A06	10.55	87.55615898257435	0	0	12.44384	0.976684562074124	same_day	8.651904724138296	P10	3.2913313601436047
P10B06	33.5	82.56513512937462	0	0	17.43486	0.9558551682560804	same_day	9.392507874088436	P10	3.248996961442134
P10C06	104.01	94.76874051158936	0	0	5.23126	0.9310792942727344	same_day	9.614278685862358	P10	3.648635231179517
P10D06	89.46	93.85294936960268	0	0.009226651902914	6.13782	0.94864091686009	same_day	9.626889642921505	P10	2.7235061041508986
P10E06	106.71	95.08025286465266	0	0	4.91975	0.9174204810247528	same_day	9.760805262576357	P10	3.695372591439783
P10F06	7.21	87.16921793669387	0	0	12.83078	0.9583800579600488	same_day	8.26965416774682	P10	0.4878542037353006
P10G06	189.12	94.4387187445085	0	0	5.56128	0.928869997545475	same_day	9.987303038131053	P10	3.8515393598847223
P10H06	29.93	88.09792969933122	0	0	11.90207	0.9369003028336484	same_day	9.248068010830044	P10	0.4820830687106145
P10A07	5.97	57.888317124134815	0	0	42.11168	0.9239265164417072	next_day	8.326942397425304	P10	1.8786960557698529
P10B07	223.36	82.44335914459813	0	0	17.55664	0.9448640679213892	next_day	10.284608520840836	P10	3.1351426242001303
P10C07	163.34	95.2505597578392	0	0	4.74944	0.9651424534582156	next_day	9.758284063945924	P10	3.0542355832729755
P10D07	5.43	10.05966054105654	0.0022568880793551	0	89.93808	0.9195633895453584	next_day	6.522878745280337	P10	0.6577139152818239
P10E07	248.59	89.80575450960241	0	0	10.19425	0.9543634481453466	next_day	10.025863190019328	P10	2.630768864870267
P10F07	113.49	93.12651013364794	0	0	6.87349	0.9669977833343674	next_day	9.58301319034954	P10	3.3433158119102884
P10G07	202.64	77.37951667813535	0	0	22.62048	0.9697820933306046	next_day	10.186120960248028	P10	2.825991031904262
P10H07	55.71	93.50606158038065	0.6698639406384567	0	5.82407	0.9417805378263164	next_day	9.044709498313631	P10	3.0473678158596185
P10A08	3.47	45.75206655841838	0	0	54.24793	0.9183500439489624	next_day	7.389931934442844	P10	0.758374760470943
P10B08	57.23	91.64697738671836	0.8708891815807128	0	7.48213	0.9201704097767932	next_day	9.287867411601727	P10	3.3269200510451036
P10C08	171.26	90.26368298316063	0	0	9.73632	0.955471433180788	next_day	9.92337353268629	P10	3.7738981765468607
P10D08	132.1	91.36526465589672	0.7401499008364522	0	7.89459	0.9551017106755012	next_day	9.95988617128083	P10	4.140670723933796
P10E08	57.48	89.61375334423445	0.0149231746403926	0	10.37132	0.9248011872030284	next_day	9.057378850579523	P10	3.385216751684545
P10F08	101.35	100	0	0	0	0.9180504787123526	next_day	9.778894270974654	P10	3.2355164056432812
P10G08	116.38	92.14016166322526	0	0	7.85984	0.9558714408189358	next_day	9.8521611847493	P10	3.1095891304902192
P10H08	68.44	88.80019469088792	3.979555432152512	0	7.22025	0.9267652102614962	next_day	9.521547843675258	P10	3.302837306571018
P10A09	153.56	98.0092810598187	0	1.960189541575e-4	1.99052	0.925611744665452	next_day	9.950613454693094	P10	3.027576738373884
P10B09	126.02	86.5836689580387	0	0	13.41633	0.9040661194100672	next_day	9.862369959974147	P10	3.3771435016526232
P10C09	85.52	72.21089674473463	0	0	27.7891	0.9507401364681188	next_day	9.50889287886209	P10	2.910451725583425
P10D09	177.43	96.92941121079484	0	0	3.07059	0.9517877510136342	next_day	9.97872818269012	P10	3.0333499559753685
P10E09	192.91	92.80195446313138	0	0	7.19805	0.9521069273177584	next_day	10.037335269452358	P10	3.1590631018886466
P10F09	99.76	94.74298206958744	0	0	5.25702	0.9218334034196144	next_day	9.831810952436715	P10	3.1740034253871254
P10G09	10.08	91.20721309824418	0	0	8.79279	0.9491556616055208	next_day	8.063506089812684	P10	2.694639371268546
P10H09	193.95	91.9818539465892	0	0	8.01815	0.9618761617432604	next_day	10.157620862856216	P10	2.925227312187921
P10A10	89.83	89.98454207265704	0	0	10.01546	0.9047499211776	next_day	9.56254199207974	P10	3.4635250700837834
P10B10	102.59	93.99970091807876	0.7100675471140904	0	5.29023	0.9334309979171084	next_day	9.637987301463504	P10	3.503881402308029
P10C10	24	99.61844972919486	0	0	0.38155	0.9328783591124896	next_day	8.916570117947597	P10	3.3663083303962287
P10D10	122.48	95.38684137373848	0	0	4.61316	0.923932607757648	next_day	9.343145201988484	P10	2.274833138758483
P10E10	170.07	95.70615113112248	0	0	4.29385	0.900729986482941	next_day	9.788290471033756	P10	2.8070340410586883
P10F10	5.74	93.2821595805894	0.001325519816646	0.0629808605838799	6.65353	0.921535788514981	next_day	8.52039700735126	P10	1.197176001382442
P10G10	141.93	93.315223952934	0	0	6.68478	0.931855936630485	next_day	9.870211526972254	P10	3.802761858806604
P10H10	1.51	88.40889514756158	0	7.283481727261875	4.30762	0.8218029972988838	next_day	7.475951459881132	P10	0.9433662689921136
P10A11	14.94	44.58594248516189	0	0.0012930298299347	55.41276	0.9735618569753184	next_day	8.894255990921435	P10	1.0039771672035585
P10B11	104.83	93.36365895248778	0	0	6.63634	0.9506869415659016	next_day	9.93419886118207	P10	3.200757468239542
P10C11	2.06	98.92822	0	1.07178	0	0.7885396617690158	next_day	7.663666709207769	P10	0.25017361072778554
P10D11	122.72	94.54461138459293	0	0	5.45539	0.8932711969190776	next_day	9.76893295475396	P10	3.4249752053303775
P10E11	1.43	87.23476	0	12.76524	0	0.7603434696278701	next_day	7.460561957033547	P10	0.7789834455584509
P10F11	0.74	2.84551	0	97.15449	0	0.7918417352607429	next_day	6.522878745280337	P10	0.17263144606833605
P10G11	0.74	64.63092	0	35.36908	0	0.28468097061841574	next_day	6.522878745280337	P10	3.1009040450969785
P10H11	16.66	100	0	0	0	0.9545913465369508	next_day	9.26938796031653	P10	2.295903762127513
P13A01	30.8	91.86667187948792	0	0	8.13333	0.9072939184087534	next_day	9.058793055166966	P13	2.625452043761943
P13B01	2.34	98.27388234435224	0	0	1.72612	0.8964363943487205	next_day	7.857100253306688	P13	2.840976776705416
P13C01	10.67	94.88266486418584	0	0	5.1173400000000004	0.966579272488615	next_day	8.251199149907398	P13	2.0922405244101117
P13D01	115.5	93.65173657727864	0	0.0032872913377884	6.34498	0.9255017582889136	next_day	9.932192656057303	P13	2.69022681821382
P13E01	48.56	96.0291488203964	0	0	3.97085	0.9210145861196016	next_day	9.36751679747318	P13	2.190279651188933
P13F01	139.52	90.4925009796162	0	0	9.5075	0.8897932191693467	next_day	9.891660928328102	P13	2.5913949520284394
P13G01	121.44	91.96508809524065	0	0	8.03491	0.960148013148868	next_day	9.745212427457984	P13	3.2927531685334195
P13H01	57.77	99.11220226174862	0	0.0255180492080402	0.86228	0.9052417086714102	next_day	9.676726459608847	P13	2.472266996196774
P13A02	124.32	82.47536629953191	0	0	17.52463	0.945370302825987	next_day	9.936001197277635	P13	3.132077878016983
P13B02	105.78	91.60550859512324	0	0	8.39449	0.9539175449314168	next_day	9.855082305538016	P13	3.072377376809462
P13C02	107.63	88.86893694518233	0	0	11.13106	0.9412369210051488	next_day	9.599331829281835	P13	2.965314195758016
P13D02	12.34	89.4891750429751	0	0	10.51082	0.9265210992213836	same_day	8.717010710247136	P13	2.472452200482899
P13E02	198.94	97.98008469913864	0	0	2.01992	0.9394947267541855	next_day	10.229214317810722	P13	1.6907509319663123
P13F02	55.9	94.77877248739448	0	0	5.22123	0.8970138144460876	next_day	9.386989588288246	P13	3.2138448832332895
P13G02	4.66	92.85221556251297	0	0	7.14778	0.9328847196844172	next_day	8.355733874394366	P13	2.4401614364134208
P13H02	43.2	89.56161834921814	0	0	10.43838	0.9480205736850044	next_day	9.35679611824555	P13	2.6296998676362207
P13A03	6.99	91.72925360797755	0	0	8.27075	0.945456940093862	next_day	8.058912698368296	P13	3.422661513749014
P13B03	196.34	97.1896367847304	0	0	2.81036	0.9122410038854002	next_day	10.090792223802223	P13	3.070287703048667
P13C03	158.56	86.88290409682303	0	0	13.1171	0.9285250531514924	next_day	10.09280253575868	P13	3.01406741791106
P13D03	94.44	92.47035841630158	0	0	7.52964	0.9516525368314802	next_day	9.725834945807303	P13	2.7952522473161827
P13E03	95.71	93.87083487202986	0	0	6.12917	0.9304347925174092	next_day	9.762583651812085	P13	2.805294595777837
P13F03	2.56	98.54893735507711	0	0	1.45106	0.8028938520653218	next_day	6.522878745280337	P13	1.490990298349164
P13G03	12.36	100	0	0	0	0.9332343641193878	next_day	8.85043325808632	P13	0.6322077580009323
P13H03	166.68	82.18396767640279	0	0	17.81603	0.8962606420365135	next_day	10.065411092135507	P13	3.0923968161009374
P13A04	46.31	93.96301002549184	0	0	6.03699	0.9023320240333452	next_day	9.515857905028092	P13	3.0598078577467307
P13B04	13	98.14982666758463	0	0	1.85017	0.948109092840489	next_day	8.941435151126257	P13	1.879038605165684
P13C04	187.81	99.83298815802604	0	0	0.16701	0.8787273071287393	next_day	9.972005449050435	P13	2.030616604628073
P13D04	30.25	92.07367454078172	0	0	7.92633	0.8795154080328235	next_day	9.029305211215853	P13	1.02936846497304
P13E04	75.16	79.763377911047	0	0	20.23662	0.9003211796829457	next_day	9.881701224765353	P13	1.5179012247124255
P13F04	21.04	99.38593095006152	0	0	0.61407	0.9469997216560568	next_day	9.02679672397616	P13	2.6166922482191852
P13G04	99.47	100	0	0	0	0.931167176882197	next_day	9.808606019914397	P13	1.6203336038926106
P13H04	59.96	94.06487251058311	0	0	5.93513	0.939607271225899	next_day	9.61580299216812	P13	3.151044751253618
P13A05	82.78	82.50281285485524	0	0	17.49719	0.9188742653277692	next_day	9.170200365255525	P13	3.477054850815743
P13B05	54.3	91.29440915466525	0	0	8.70559	0.95344779856787	next_day	8.947168598806176	P13	3.4773847327729075
P13C05	197.57	93.10189419787046	0	0	6.89811	0.9475590820153228	next_day	9.84744989830846	P13	2.860893574096275
P13D05	20.57	91.26788225909758	0	0	8.73212	0.9417980545279174	next_day	8.432936340881097	P13	2.9050219262997365
P13E05	126.16	75.91320791982027	0	0	24.08679	0.9220802851062334	next_day	9.41354221057389	P13	3.1699799072215997
P13F05	9.97	94.0492505921892	0	0	5.95075	0.9432256026620964	next_day	8.218496240803772	P13	2.512215186977173
P13G05	54.76	96.66235522768191	0	0	3.33764	0.9628109285013322	next_day	9.104076330303906	P13	3.36534783639649
P13H05	175.71	100	0	0	0	0.9634378460322216	next_day	9.878292441060228	P13	1.7892843170691286
P13A06	86.31	71.19087993760877	0	0	28.80912	0.946606682521942	next_day	9.755534088479765	P13	2.745360046373713
P13B06	20.18	79.69383013089895	0	0	20.30617	0.9048570772027278	next_day	9.228654969295391	P13	0.8680198833225735
P13C06	76.61	82.75059912937508	0	0	17.2494	0.9316641467628456	next_day	9.700266791036809	P13	2.923120196997766
P13D06	77.77	94.2064069484579	0	0	5.79359	0.9234840996163588	next_day	9.417250947135663	P13	2.3577484044914305
P13E06	65.75	87.02163184706629	0	0	12.97837	0.9236082098988022	next_day	9.232562739572147	P13	3.4166698018564015
P13F06	79.46	94.08852995353232	0	0	5.91147	0.9045387258930928	next_day	9.629984983218652	P13	2.601343170776237
P13G06	157.75	84.03611033944813	0	0	15.96389	0.8950106419374598	next_day	9.997061683793012	P13	3.0497757355627733
P13H06	58.19	90.71140821979918	0	0	9.28859	0.90593346119816	next_day	9.459769803399944	P13	3.103822344116682
P13A07	37.93	100	0	0	0	0.9244444698736324	next_day	9.072785562611774	P13	2.360367340686948
P13B07	6.27	92.12552246541676	0.0049658333193018	0	7.86951	0.8893018209952285	next_day	7.394154843264933	P13	0.4821970304125934
P13D07	6.23	94.46424360668269	0	0	5.53576	0.9205453756735016	next_day	7.56165258326659	P13	2.846788693991978
P13E07	202.39	93.21386767422112	0	0	6.78613	0.9143781197446624	next_day	10.186129124012176	P13	2.9166746131640116
P13F07	172.3	84.86076087678912	0	0	15.13924	0.9314156314007608	next_day	10.131811632123982	P13	2.505372786716616
P13G07	108.41	77.14363180665094	0	0	22.85637	0.894560831522663	next_day	10.008011527161491	P13	2.576328321313126
P13H07	51.43	99.24084440334634	0	0.0187302817430763	0.74043	0.9294097106946972	next_day	9.450624527317732	P13	3.0066627459038457
P13A08	27.54	100	0	0	0	0.9544714913370548	next_day	9.259107529384076	P13	3.0278145635753018
P13B08	147.76	91.17385999101892	0	0	8.82614	0.9487557313235828	next_day	9.945530589682187	P13	2.1451342328313165
P13C08	20.91	90.6499733132136	0	0	9.35003	0.9430770484684208	next_day	8.987711125641852	P13	2.4548457819632787
P13D08	3.34	97.26062903253997	0	0	2.73937	0.9690589591669548	next_day	7.0328138156221245	P13	0.5351778988794388
P13E08	97.79	91.226475696265	0	0	8.77352	0.9321741573856116	next_day	9.227856238797209	P13	2.60636476286013
P13F08	45.35	85.39023575842724	0	0	14.60976	0.9540757586338844	next_day	9.385308988602135	P13	0.5273883649033893
P13G08	77.96	84.747079064334	0	0	15.25292	0.95835043794871	next_day	9.750061091529597	P13	2.8110912695601957
P13H08	150.98	95.3479758133382	0	0	4.65202	0.9516944943379362	next_day	10.068768550974127	P13	2.5936757202648084
P13A09	29.25	89.48639914075098	0	0	10.5136	0.9522640584702724	next_day	9.375269251344438	P13	2.62737168692447
P13B09	42.32	92.26150266047716	0	0	7.7385	0.9135664675436704	next_day	9.478186758658705	P13	2.2347877037542316
P13C09	51.15	96.664592286231	0	0	3.33541	0.927807647107921	next_day	9.203633194728823	P13	2.704028190463754
P13D09	151.95	80.77323846899401	0	0	19.22676	0.943114610270366	next_day	9.977104375887432	P13	2.366661439307136
P13E09	166.49	85.73290893257175	0	0.001311733576192	14.26578	0.8928252856941443	next_day	10.162705111294914	P13	2.6968003189745455
P13F09	140.92	89.63479138388595	0	0	10.36521	0.89489110200441635	next_day	9.946984249148764	P13	2.7237751350962625
P13G09	100.03	98.51672962171712	0	0	1.48327	0.9556257537479276	next_day	9.80469220951552	P13	2.8786456273615983
P13H09	118.12	99.01460908876408	0	0	0.98539	0.9615193127708151	next_day	10.289654970508929	P13	1.9909746150974057
P13A10	10.69	89.99826980999885	0	0	10.00173	0.9537458234679947	next_day	8.610808717251688	P13	2.6304588656299415
P13B10	132.17	95.8519808826783	0	0	4.14802	0.9313744558134566	next_day	9.911004210334744	P13	3.122611131928576
P13C10	25.16	84.93749286664757	0	0	15.06251	0.9379016392107647	next_day	9.054289642590152	P13	1.610990281318208
P13D10	9.25	99.46695	0.53305	0	0	0.9347696181988324	next_day	8.268077090389482	P13	1.310020624827158
P13E10	172.36	73.93415837356865	0	0	26.06584	0.8952011305340196	next_day	10.056459412149165	P13	2.7957789413180567
P13F10	83.58	96.41821701029288	0	0	3.58178	0.929953888102076	next_day	9.282573618421964	P13	3.084363582342114
P13G10	6.67	95.91839722480216	0	0.014879251181425	4.06672	0.3776027585228758	next_day	7.434691300802764	P13	1.7305473812502012
P13H10	42.77	86.79573075847699	0	0	13.20427	0.9478196098760262	next_day	9.540231278899304	P13	2.497190669460499
P13A11	38.13	95.1559024710775	0	0	4.8441	0.9763055398023542	next_day	9.374329885296676	P13	2.2155136010280234
P13B11	156.1	93.5276753273042	0	0	6.47232	0.8964113163139098	next_day	10.061427221558942	P13	2.8185358883581193
P13C11	117.15	93.17687340601816	0	0	6.82313	0.9071100630401384	next_day	9.849629801841774	P13	3.6666190001352006
P13D11	170.61	97.2724358486898	0	0	2.72756	0.920402634817156	next_day	9.985030462605032	P13	3.5940612812429062
P13E11	172.1	96.3248548759218	0	0	3.67515	0.9236627381419996	next_day	10.068842441794343	P13	2.811414716943287
P13F11	140.8	96.5109471154732	0	0	3.48905	0.90591124694394	next_day	10.02324070877814	P13	3.522783022906516
P13G11	140.2	99.0584882895841	0	0	0.94151	0.8952803185886369	next_day	10.022469665101507	P13	1.7435062345120682
P13H11	98.96	94.6740332690239	0	0	5.32597	0.9077679750997092	next_day	10.033207471664202	P13	2.5299098647835208
